﻿<?xml version="1.0" encoding="utf-8" ?>
<Samples>
  <Group Name="Annotation Samples">
    <Sample Name="Ink and Underline Annotations" Description="Demonstrates custom selection and free-form ink annotations." Link="/SampleAnnotations" />
  </Group>
  <Group Name="User Interface Samples">
    <Sample Name="Context Menu and Commands" Description="Demonstrates the use of the SL Toolkit context menu with built-in commands" Link="/SampleContextMenu" />
    <Sample Name="Simple Document Viewer" Description="A fully functional document viewer with a minimum of code." Link="/SampleSimpleViewer" />
    <Sample Name="Book Control" Description="Using a third party book control to render an XPS document as if it were a real book." Link="/SampleBook" />
    <Sample Name="Page Thumbnails" Description="Using VirtualizingPageThumbnailCollection to dynamically generate and render page thumbnails." Link="/SampleThumbnails" />
    <Sample Name="Watermark" Description="Render a watermark using custom styles that scale automatically with the page." Link="/SampleWatermark" />
    <Sample Name="Metadata Browser" Description="Visualize the metadata found in an XPS document." Link="/SampleMetadata" />
    
    <!--<Sample Name="Single Page Viewer" Description="Render XPS documents one page at a time using a single FixedPageViewer instance." Link="" />
    <Sample Name="Items Panels" Description="Demonstrating the use of different items panels for customizing viewer layout." Link="" />
    <Sample Name="Document Explorer" Description="A complete document explorer sample application." Link="" />-->
  </Group>
  <Group Name="Interactive Blend Behavior Samples">
    <Sample Name="Form Filling" Description="Handle user input using an interactive form filling behavior." Link="/SampleFormFilling" />
  </Group>
  <Group Name="IO Samples">
    <Sample Name="Document Conversion" Description="Use Aspose.Words to convert Word, OpenDocument and other document types to XPS." Link="/SampleConversion" />
    <!--<Sample Name="Document Loading Strategies" Description="Load documents from various sources." Link="" />-->
  </Group>
  <Group Name="Font Samples">
    <Sample Name="OpenType Font Details" Description="Extract OpenType font details with FontParser and GlyphTypeface." Link="/SampleFontDetails" />
    <Sample Name="Glyphs Metrics" Description="Using GlyphRun to query Glyphs metrics." Link="/SampleGlyphsMetrics" />
  </Group>
</Samples>