﻿<Form>
  <!-- provides location and information of various input controls -->
  <Page PageNumber="1">
    <Text Left="198" Top="131" Right="448" Bottom="153" Description="Enter the sponser name" />
    <Text Left="198" Top="169" Right="448" Bottom="192" Description="Enter the project name" />
    <Text Left="198" Top="208" Right="448" Bottom="229" Description="Enter the name of the person requesting the change" />
    <Text Left="594" Top="131" Right="711" Bottom="153" Description="Enter the change number" />
    <Text Left="594" Top="169" Right="711" Bottom="192" Description="Enter the submittal date" />
    <Text Left="594" Top="208" Right="711" Bottom="229" Description="Enter the reply date" />
    <Text Left="80" Top="276" Right="706" Bottom="299" Description="Enter the change description" />
    <Text Left="80" Top="332" Right="706" Bottom="400" Multiline="True" Description="Enter the justification" />
    
    <Text Left="84" Top="590" Right="110" Bottom="613" Description="Enter the number" />
    <Text Left="126" Top="590" Right="296" Bottom="613" Description="Enter the deliverable" />
    <Text Left="312" Top="590" Right="435" Bottom="613" Description="Enter the end date" />
    <Text Left="452" Top="590" Right="578" Bottom="613" Description="Enter the hours" />
    <Text Left="594" Top="590" Right="699" Bottom="613" Description="Enter the costs" />
    
    <Text Left="84" Top="643" Right="110" Bottom="666" Description="Enter the number" />
    <Text Left="126" Top="643" Right="296" Bottom="666" Description="Enter the deliverable" />
    <Text Left="312" Top="643" Right="435" Bottom="666" Description="Enter the end date" />
    <Text Left="452" Top="643" Right="578" Bottom="666" Description="Enter the hours" />
    <Text Left="594" Top="643" Right="699" Bottom="666" Description="Enter the costs" />

    <Text Left="84" Top="696" Right="110" Bottom="719" Description="Enter the number" />
    <Text Left="126" Top="696" Right="296" Bottom="719" Description="Enter the deliverable" />
    <Text Left="312" Top="696" Right="435" Bottom="719" Description="Enter the end date" />
    <Text Left="452" Top="696" Right="578" Bottom="719" Description="Enter the hours" />
    <Text Left="594" Top="696" Right="699" Bottom="719" Description="Enter the costs" />

    <Text Left="312" Top="749" Right="435" Bottom="772" />
    <Text Left="452" Top="749" Right="578" Bottom="772" />
    <Text Left="594" Top="749" Right="699" Bottom="772" />

    <Text Left="312" Top="802" Right="435" Bottom="825" />
    <Text Left="452" Top="802" Right="578" Bottom="825" />
    <Text Left="594" Top="802" Right="699" Bottom="825" />

    <Text Left="80" Top="925" Right="360" Bottom="948" Description="Signature"/>
    <Text Left="370" Top="925" Right="612" Bottom="948" Description="Title"/>
    <Text Left="620" Top="925" Right="706" Bottom="948" Description="Date"/>

    <Text Left="80" Top="980" Right="706" Bottom="1026" Multiline="True" Description="Enter the comments" />
    
  </Page>
</Form>
