<?xml version="1.0" encoding="UTF-8"?><?xml-stylesheet type='text/xsl' href='_UpgradeReport_Files/UpgradeReport.xslt'?><UpgradeLog>
<Properties><Property Name="Solution" Value="SilverlightXPSViewer">
</Property><Property Name="Solution File" Value="\\softech-238\D$\Projects\SilverlightXPSViewer\SilverlightXPSViewer.sln">
</Property><Property Name="Date" Value="Wednesday, April 28, 2010">
</Property><Property Name="Time" Value="17:27 PM">
</Property></Properties><Event ErrorLevel="0" Project="SilverlightXPSViewer" Source="SilverlightXPSViewer\SilverlightXPSViewer.csproj" Description="Project converted successfully">
</Event><Event ErrorLevel="3" Project="SilverlightXPSViewer" Source="SilverlightXPSViewer\SilverlightXPSViewer.csproj" Description="Converted">
</Event><Event ErrorLevel="0" Project="SilverlightXPSViewer.Web" Source="SilverlightXPSViewer.Web\SilverlightXPSViewer.Web.csproj" Description="Project converted successfully">
</Event><Event ErrorLevel="3" Project="SilverlightXPSViewer.Web" Source="SilverlightXPSViewer.Web\SilverlightXPSViewer.Web.csproj" Description="Converted">
</Event><Event ErrorLevel="0" Project="" Source="SilverlightXPSViewer.sln" Description="Solution converted successfully">
</Event><Event ErrorLevel="3" Project="" Source="SilverlightXPSViewer.sln" Description="Converted">
</Event><Event ErrorLevel="0" Project="SilverlightXPSViewer" Source="SilverlightXPSViewer\SilverlightXPSViewer.csproj" Description="Scan complete: Upgrade not required for project files.">
</Event><Event ErrorLevel="0" Project="SilverlightXPSViewer.Web" Source="SilverlightXPSViewer.Web\SilverlightXPSViewer.Web.csproj" Description="Scan complete: Upgrade not required for project files.">
</Event></UpgradeLog>