<?xml version="1.0" encoding="UTF-8"?><?xml-stylesheet type='text/xsl' href='_UpgradeReport_Files/UpgradeReport.xslt'?><UpgradeLog>
<Properties><Property Name="Solution" Value="SilverlightXPSViewer">
</Property><Property Name="Solution File" Value="D:\Projects\2010\SilverlightXPSViewer\SilverlightXPSViewer.sln">
</Property><Property Name="Date" Value="Saturday, May 01, 2010">
</Property><Property Name="Time" Value="13:18 PM">
</Property><Property Name="Log Number" Value="2">
</Property></Properties><Event ErrorLevel="0" Project="SilverlightXPSViewer" Source="SilverlightXPSViewer\SilverlightXPSViewer.csproj" Description="The project file does not require conversion.">
</Event><Event ErrorLevel="3" Project="SilverlightXPSViewer" Source="SilverlightXPSViewer\SilverlightXPSViewer.csproj" Description="No Conversion Required">
</Event><Event ErrorLevel="0" Project="SilverlightXPSViewer.Web" Source="SilverlightXPSViewer.Web\SilverlightXPSViewer.Web.csproj" Description="Project converted successfully">
</Event><Event ErrorLevel="3" Project="SilverlightXPSViewer.Web" Source="SilverlightXPSViewer.Web\SilverlightXPSViewer.Web.csproj" Description="Converted">
</Event><Event ErrorLevel="0" Project="" Source="SilverlightXPSViewer.sln" Description="Solution converted successfully">
</Event><Event ErrorLevel="3" Project="" Source="SilverlightXPSViewer.sln" Description="Converted">
</Event><Event ErrorLevel="0" Project="SilverlightXPSViewer.Web" Source="SilverlightXPSViewer.Web\SilverlightXPSViewer.Web.csproj" Description="Scan complete: Upgrade not required for project files.">
</Event></UpgradeLog>