﻿<?xml version="1.0" encoding="utf-8" ?>
<Markers>
  <Marker Time="00:00:10" Type="Marker" Enabled="True" Value="Massachusetts Institute of Technology (MIT) admitted its first students in 1865"/>
  <Marker Time="00:00:36" Type="Marker" Enabled="True" Value="Women have attended MIT since 1871. In fall 2007  44.5% of undergraduates were women."/>
  <Marker Time="00:00:50" Type="Marker" Enabled="True" Value="Card Counting is the tracking of the ratio of high cards to low cards in blackjack."/>
  <Marker Time="00:01:30" Type="Marker" Enabled="True" Value="The movie 21 was loosely based on Ben Mezrich's nonfiction book Bringing Down the House"/>
  <Marker Time="00:00:10" Type="CC" Enabled="True" Value="So how much is this thing going"/>
  <Marker Time="00:00:11" Type="CC" Enabled="True" Value="to run me?"/>
  <Marker Time="00:00:15" Type="CC" Enabled="True" Value="The belt is $49.95 minus 15%,"/>
  <Marker Time="00:00:16" Type="CC" Enabled="True" Value="the jacket is $589, the pants are"/>
  <Marker Time="00:00:17" Type="CC" Enabled="True" Value="$365 minus 10% the shoes are marked"/>
  <Marker Time="00:00:18" Type="CC" Enabled="True" Value="down from $155."/>
  <Marker Time="00:00:25" Type="CC" Enabled="True" Value="So you are looking at $1042.68..."/>
  <Marker Time="00:00:28" Type="CC" Enabled="True" Value="I am pretty good with numbers."/>
  <Marker Time="00:00:30" Type="CC" Enabled="True" Value="Ben Camble was the most gifted"/>
  <Marker Time="00:00:31" Type="CC" Enabled="True" Value="student at MIT."/>
  <Marker Time="00:00:33" Type="CC" Enabled="True" Value="I have never had a student as"/>
  <Marker Time="00:00:34" Type="CC" Enabled="True" Value="impressive as you."/>
  <Marker Time="00:00:38" Type="CC" Enabled="True" Value="Their was some problems he could"/>
  <Marker Time="00:00:39" Type="CC" Enabled="True" Value="not solve."/>
  <Marker Time="00:00:41" Type="CC" Enabled="True" Value="$300 thousand dollars for school "/>
  <Marker Time="00:00:42" Type="CC" Enabled="True" Value="where am I going to get that money."/>
  <Marker Time="00:00:43" Type="CC" Enabled="True" Value="Until the day he was given the chance."/>
  <Marker Time="00:00:45" Type="CC" Enabled="True" Value="You have to follow me now."/>
  <Marker Time="00:00:48" Type="CC" Enabled="True" Value="So is this some type of mathclub?"/>
  <Marker Time="00:00:51" Type="CC" Enabled="True" Value="You ever studied blackjack?"/>
  <Marker Time="00:00:52" Type="CC" Enabled="True" Value="Are you talking about counting"/>
  <Marker Time="00:00:53" Type="CC" Enabled="True" Value="cards?"/>
  <Marker Time="00:00:54" Type="CC" Enabled="True" Value="As a team yes? Where?"/>
</Markers>