﻿<?xml version="1.0" encoding="utf-8" ?> 
<!-- This file contains a set of known namespaces and conventions for rount-trip theme work-->
<!-- Assumptions:
      1. There is only one unique control name supported by the tool.
      2. You must define the XAML XMLNSs in your document.
-->
<DesignerXaml>
  <Controls>
    <!-- Standard Silverlight controls -->
    <Border namespace="System.Windows.Controls" />
    <Button namespace="System.Windows.Controls" />
    <Canvas namespace="System.Windows.Controls" />
    <CheckBox namespace="System.Windows.Controls" />
    <ComboBox namespace="System.Windows.Controls" />
    <ComboBoxItem namespace="System.Windows.Controls" />
    <ContentControl namespace="System.Windows.Controls" />
    <ContentPresenter namespace="System.Windows.Controls" />
    <Control namespace="System.Windows.Controls" />
    <ControlTemplate namespace="System.Windows.Controls" />
    <Grid namespace="System.Windows.Controls" />
    <HyperlinkButton namespace="System.Windows.Controls" />
    <Image namespace="System.Windows.Controls" />
    <InkPresenter namespace="System.Windows.Controls" />
    <ItemCollection namespace="System.Windows.Controls" />
    <ItemsControl namespace="System.Windows.Controls" />
    <ItemsPanelTemplate namespace="System.Windows.Controls" />
    <ItemsPresenter namespace="System.Windows.Controls" />
    <ListBox namespace="System.Windows.Controls" />
    <ListBoxItem namespace="System.Windows.Controls" />
    <MediaElement namespace="System.Windows.Controls" />
    <MultiScaleImage namespace="System.Windows.Controls" />
    <MultiScaleSubImage namespace="System.Windows.Controls" />
    <OpenFileDialog namespace="System.Windows.Controls" />
    <Panel namespace="System.Windows.Controls" />
    <PasswordBox namespace="System.Windows.Controls" />
    <ProgressBar namespace="System.Windows.Controls" />
    <RadioButton namespace="System.Windows.Controls" />
    <RowDefinition namespace="System.Windows.Controls" />
    <RowDefinitionCollection namespace="System.Windows.Controls" />
    <ScrollContentPresenter namespace="System.Windows.Controls" />
    <ScrollViewer namespace="System.Windows.Controls" />
    <Slider namespace="System.Windows.Controls" />
    <StackPanel namespace="System.Windows.Controls" />
    <TextBlock namespace="System.Windows.Controls" />
    <TextBox namespace="System.Windows.Controls" />
    <ToolTip namespace="System.Windows.Controls" />
    <UserControl namespace="System.Windows.Controls" />
    
    <!-- Standard primitive controls -->
    <ButtonBase namespace="System.Windows.Controls.Primitives" />
    <Popup namespace="System.Windows.Controls.Primitives" />
    <RangeBase namespace="System.Windows.Controls.Primitives" />
    <RepeatButton namespace="System.Windows.Controls.Primitives" />
    <ScrollBar namespace="System.Windows.Controls.Primitives" />
    <Selector namespace="System.Windows.Controls.Primitives" />
    <Thumb namespace="System.Windows.Controls.Primitives" />
    <ToggleButton namespace="System.Windows.Controls.Primitives" />

    <!-- Additional SDK controls -->
    <Calendar namespace="System.Windows.Controls" />
    <DatePicker namespace="System.Windows.Controls" />
    <GridSplitter namespace="System.Windows.Controls" />
    <TabControl namespace="System.Windows.Controls" />
    <TabItem namespace="System.Windows.Controls" />
    
    <CalendarButton namespace="System.Windows.Controls.Primitives" />
    <CalendarDayButton namespace="System.Windows.Controls.Primitives" />
    <CalendarItem namespace="System.Windows.Controls.Primitives" />
    <DatePickerTextBox namespace="System.Windows.Controls.Primitives" />
    <TabPanel namespace="System.Windows.Controls.Primitives" />
    
    <!-- Silverlight DataGrid-->
    <DataGrid namespace="System.Windows.Controls" />
    <DataGridCell namespace="System.Windows.Controls" />
    <DataGridColumn namespace="System.Windows.Controls" />
    <DataGridRow namespace="System.Windows.Controls" />
    <DataGridTemplateColumn namespace="System.Windows.Controls" />
    <DataGridTextColumn namespace="System.Windows.Controls" />
    
    <DataGridCellsPresenter namespace="System.Windows.Controls.Primitives" />
    <DataGridColumnHeader namespace="System.Windows.Controls.Primitives" />
    <DataGridColumnHeadersPresenter namespace="System.Windows.Controls.Primitives" />
    <DataGridDetailsPresenter namespace="System.Windows.Controls.Primitives" />
    <DataGridFrozenGrid namespace="System.Windows.Controls.Primitives" />
    <DataGridRowHeader namespace="System.Windows.Controls.Primitives" />
    <DataGridRowsPresenter namespace="System.Windows.Controls.Primitives" />

    <!-- Silverlight Toolkit controls -->
    <AutoCompleteBox namespace="Microsoft.Windows.Controls" />
    <DockPanel namespace="Microsoft.Windows.Controls" />
    <Expander namespace="Microsoft.Windows.Controls" />
    <HeaderedContentControl namespace="Microsoft.Windows.Controls" />
    <HeaderedItemsControl namespace="Microsoft.Windows.Controls" />
    <Label namespace="Microsoft.Windows.Controls" />
    <TreeView namespace="Microsoft.Windows.Controls" />
    <TreeViewItem namespace="Microsoft.Windows.Controls" />
    <Viewbox namespace="Microsoft.Windows.Controls" />
    <WrapPanel namespace="Microsoft.Windows.Controls" />
    
    <ButtonSpinner namespace="Microsoft.Windows.Controls" />
    <NumericUpDown namespace="Microsoft.Windows.Controls" />
    <Spinner namespace="Microsoft.Windows.Controls" />
    <UpDownBase namespace="Microsoft.Windows.Controls" />
    
    <!-- Add your own controls here -->
  </Controls>
  <StyleProperties>
    <!-- CalendarStyle or CalendarStyle1-->
    
    <!-- Designer to ISM -->
    <!-- Automatically add and hook up to CalendarStyle or CalendarStyle1 -->
    
    <DatePicker property="CalendarStyle" />
    
    <DataGrid property="ColumnHeaderStyle" />
    <DataGrid property="RowHeaderStyle" />
    <DataGrid property="RowStyle" />
    <DataGrid property="CellStyle" />

    <!-- ComboBox -->
    <!-- Check all of DatePicker, Calendar -->
    <!-- AutoCompleteBox -->

  </StyleProperties>
</DesignerXaml>