<?xml version="1.0"?>
<manifest xmlns:xsi="http://www.w3.org/2001/XMLSchema-instance" 
          xmlns:xsd="http://www.w3.org/2001/XMLSchema">
  <assembly>
    <name>System.Windows.Controls.DataVisualization.Toolkit</name>
    <version>2.0.5.0</version>
    <publickeytoken>31bf3856ad364e35</publickeytoken>
    <relpath>System.Windows.Controls.DataVisualization.Toolkit.dll</relpath>
    <extension downloadUri="System.Windows.Controls.DataVisualization.Toolkit.zip" />
  </assembly>

</manifest>