﻿<Deployment xmlns="http://schemas.microsoft.com/client/2007/deployment"
        xmlns:x="http://schemas.microsoft.com/winfx/2006/xaml"
>
    <Deployment.Parts>
    </Deployment.Parts>

    <!-- Uncomment the markup and update the fields below to make your application offline enabled
    <Deployment.ApplicationIdentity>
        <ApplicationIdentity 
            ShortName="Shortcut name of your Silverlight application" 
            Title="Window title of you Silverlight application">
            <ApplicationIdentity.Blurb>Description of your Silverlight application</ApplicationIdentity.Blurb>
            <ApplicationIdentity.Icons>
                <Icon Size="16x16"></Icon>
                <Icon Size="32x32"></Icon>
                <Icon Size="48x48"></Icon>
                <Icon Size="128x128"></Icon>
            </ApplicationIdentity.Icons>
        </ApplicationIdentity>
    </Deployment.ApplicationIdentity>
    -->
</Deployment>
