<publishData>
  <publishTarget publishUrl="http://localhost/UseWebService/">
    <file relUrl="bin/UseWebService.Web.dll" publishTime="01/09/2009 16:31:39" />
    <file relUrl="UseWebServiceTestPage.aspx" publishTime="01/09/2009 16:18:35" />
    <file relUrl="UseWebServiceTestPage.html" publishTime="01/09/2009 16:18:34" />
    <file relUrl="bin/de/System.Web.Silverlight.resources.dll" publishTime="10/05/2008 03:53:18" />
    <file relUrl="Web.config" publishTime="01/09/2009 16:22:59" />
    <file relUrl="ClientBin/UseWebService.xap" publishTime="01/09/2009 16:31:47" />
    <file relUrl="bin/UseWebService.Web.pdb" publishTime="01/09/2009 16:31:39" />
    <file relUrl="Service1.asmx" publishTime="01/09/2009 16:19:10" />
    <file relUrl="bin/zh-Hans/System.Web.Silverlight.resources.dll" publishTime="10/05/2008 03:53:18" />
    <file relUrl="bin/fr/System.Web.Silverlight.resources.dll" publishTime="10/05/2008 03:53:18" />
    <file relUrl="bin/ja/System.Web.Silverlight.resources.dll" publishTime="10/05/2008 03:53:18" />
    <file relUrl="bin/it/System.Web.Silverlight.resources.dll" publishTime="10/05/2008 03:53:18" />
    <file relUrl="bin/zh-Hant/System.Web.Silverlight.resources.dll" publishTime="10/05/2008 03:53:18" />
    <file relUrl="bin/ko/System.Web.Silverlight.resources.dll" publishTime="10/05/2008 03:53:18" />
    <file relUrl="Default.aspx" publishTime="01/09/2009 16:18:31" />
    <file relUrl="bin/System.Web.Silverlight.dll" publishTime="10/05/2008 03:53:18" />
    <file relUrl="Silverlight.js" publishTime="01/09/2009 16:18:34" />
    <file relUrl="bin/es/System.Web.Silverlight.resources.dll" publishTime="10/05/2008 03:53:18" />
  </publishTarget>
</publishData>